{
  "model": "logistic_regression",
  "features": [
    "url_length",
    "hostname_length",
    "query_length",
    "num_dots",
    "num_hyphens",
    "num_at",
    "num_slashes",
    "num_digits",
    "digit_ratio",
    "has_ip",
    "has_https",
    "hostname_entropy"
  ],
  "scaler": {
    "mean": [
      61.45968904741126,
      16.868466485799388,
      10.22889038557615,
      2.632407811442701,
      1.1543885610932985,
      0.006083717518197398,
      4.066620501242672,
      4.464294522757024,
      0.06079176482681623,
      0.02537675412801103,
      0.5314826057536031,
      2.9861519737913604
    ],
    "scale": [
      40.84728557240456,
      8.91171539525247,
      33.44979484470612,
      1.1738999249461097,
      2.386290916256394,
      0.08863057415495221,
      1.7960699029425093,
      9.514824412083481,
      0.09274249720240549,
      0.1572665713937247,
      0.4990078611955559,
      1.1073794456641572
    ]
  },
  "weights": [
    0.31062159399310324,
    -0.9031182842316603,
    0.2933634967804255,
    -0.8699684536541853,
    -0.7382640023788023,
    0.30941022907102694,
    0.14290252404955434,
    0.6571498273360507,
    0.2810027875752969,
    0.8610703998469281,
    -10.565599588201286,
    3.4332883500832807
  ],
  "bias": 6.046851953715535,
  "policy": {
    "allow_threshold": 0.1,
    "block_threshold": 0.9
  }
}